-- PROFILI
INSERT INTO profili (id_profilo, nome_profilo) VALUES (1, 'Admin'), (2, 'User');

-- GENERI
INSERT INTO generi (nome_genere) VALUES ('Azione'), ('Fantascienza'), ('Drammatico'), ('Thriller'), ('Commedia'), ('Romantico'), ('Horror'), ('Animazione'), ('Avventura'), ('Crime'), ('Guerra'), ('Documentario'), ('Fantasy'), ('Musical'), ('Mistero'), ('Western');

-- TUTTE LE NAZIONI (ISO 3166-1 alpha-2)
INSERT INTO nazioni (iso_code, nome_nazione) VALUES 
('AF', 'Afghanistan'),
('AL', 'Albania'),
('DZ', 'Algeria'),
('AD', 'Andorra'),
('AO', 'Angola'),
('AG', 'Antigua e Barbuda'),
('AR', 'Argentina'),
('AM', 'Armenia'),
('AU', 'Australia'),
('AT', 'Austria'),
('AZ', 'Azerbaigian'),
('BS', 'Bahamas'),
('BH', 'Bahrein'),
('BD', 'Bangladesh'),
('BB', 'Barbados'),
('BY', 'Bielorussia'),
('BE', 'Belgio'),
('BZ', 'Belize'),
('BJ', 'Benin'),
('BT', 'Bhutan'),
('BO', 'Bolivia'),
('BA', 'Bosnia ed Erzegovina'),
('BW', 'Botswana'),
('BR', 'Brasile'),
('BN', 'Brunei'),
('BG', 'Bulgaria'),
('BF', 'Burkina Faso'),
('BI', 'Burundi'),
('CV', 'Capo Verde'),
('KH', 'Cambogia'),
('CM', 'Camerun'),
('CA', 'Canada'),
('CF', 'Repubblica Centrafricana'),
('TD', 'Ciad'),
('CL', 'Cile'),
('CN', 'Cina'),
('CO', 'Colombia'),
('KM', 'Comore'),
('CG', 'Congo'),
('CD', 'Repubblica Democratica del Congo'),
('CR', 'Costa Rica'),
('CI', 'Costa d''Avorio'),
('HR', 'Croazia'),
('CU', 'Cuba'),
('CY', 'Cipro'),
('CZ', 'Repubblica Ceca'),
('DK', 'Danimarca'),
('DJ', 'Gibuti'),
('DM', 'Dominica'),
('DO', 'Repubblica Dominicana'),
('EC', 'Ecuador'),
('EG', 'Egitto'),
('SV', 'El Salvador'),
('GQ', 'Guinea Equatoriale'),
('ER', 'Eritrea'),
('EE', 'Estonia'),
('SZ', 'Eswatini'),
('ET', 'Etiopia'),
('FJ', 'Figi'),
('FI', 'Finlandia'),
('FR', 'Francia'),
('GA', 'Gabon'),
('GM', 'Gambia'),
('GE', 'Georgia'),
('DE', 'Germania'),
('GH', 'Ghana'),
('GR', 'Grecia'),
('GD', 'Grenada'),
('GT', 'Guatemala'),
('GN', 'Guinea'),
('GW', 'Guinea-Bissau'),
('GY', 'Guyana'),
('HT', 'Haiti'),
('HN', 'Honduras'),
('HU', 'Ungheria'),
('IS', 'Islanda'),
('IN', 'India'),
('ID', 'Indonesia'),
('IR', 'Iran'),
('IQ', 'Iraq'),
('IE', 'Irlanda'),
('IL', 'Israele'),
('IT', 'Italia'),
('JM', 'Giamaica'),
('JP', 'Giappone'),
('JO', 'Giordania'),
('KZ', 'Kazakistan'),
('KE', 'Kenya'),
('KI', 'Kiribati'),
('KP', 'Corea del Nord'),
('KR', 'Corea del Sud'),
('KW', 'Kuwait'),
('KG', 'Kirghizistan'),
('LA', 'Laos'),
('LV', 'Lettonia'),
('LB', 'Libano'),
('LS', 'Lesotho'),
('LR', 'Liberia'),
('LY', 'Libia'),
('LI', 'Liechtenstein'),
('LT', 'Lituania'),
('LU', 'Lussemburgo'),
('MG', 'Madagascar'),
('MW', 'Malawi'),
('MY', 'Malesia'),
('MV', 'Maldive'),
('ML', 'Mali'),
('MT', 'Malta'),
('MH', 'Isole Marshall'),
('MR', 'Mauritania'),
('MU', 'Mauritius'),
('MX', 'Messico'),
('FM', 'Micronesia'),
('MD', 'Moldavia'),
('MC', 'Monaco'),
('MN', 'Mongolia'),
('ME', 'Montenegro'),
('MA', 'Marocco'),
('MZ', 'Mozambico'),
('MM', 'Myanmar'),
('NA', 'Namibia'),
('NR', 'Nauru'),
('NP', 'Nepal'),
('NL', 'Paesi Bassi'),
('NZ', 'Nuova Zelanda'),
('NI', 'Nicaragua'),
('NE', 'Niger'),
('NG', 'Nigeria'),
('MK', 'Macedonia del Nord'),
('NO', 'Norvegia'),
('OM', 'Oman'),
('PK', 'Pakistan'),
('PW', 'Palau'),
('PA', 'Panama'),
('PG', 'Papua Nuova Guinea'),
('PY', 'Paraguay'),
('PE', 'Perù'),
('PH', 'Filippine'),
('PL', 'Polonia'),
('PT', 'Portogallo'),
('QA', 'Qatar'),
('RO', 'Romania'),
('RU', 'Russia'),
('RW', 'Ruanda'),
('KN', 'Saint Kitts e Nevis'),
('LC', 'Santa Lucia'),
('VC', 'Saint Vincent e Grenadine'),
('WS', 'Samoa'),
('SM', 'San Marino'),
('ST', 'Sao Tome e Principe'),
('SA', 'Arabia Saudita'),
('SN', 'Senegal'),
('RS', 'Serbia'),
('SC', 'Seychelles'),
('SL', 'Sierra Leone'),
('SG', 'Singapore'),
('SK', 'Slovacchia'),
('SI', 'Slovenia'),
('SB', 'Isole Salomone'),
('SO', 'Somalia'),
('ZA', 'Sudafrica'),
('SS', 'Sud Sudan'),
('ES', 'Spagna'),
('LK', 'Sri Lanka'),
('SD', 'Sudan'),
('SR', 'Suriname'),
('SE', 'Svezia'),
('CH', 'Svizzera'),
('SY', 'Siria'),
('TJ', 'Tagikistan'),
('TZ', 'Tanzania'),
('TH', 'Thailandia'),
('TL', 'Timor Est'),
('TG', 'Togo'),
('TO', 'Tonga'),
('TT', 'Trinidad e Tobago'),
('TN', 'Tunisia'),
('TR', 'Turchia'),
('TM', 'Turkmenistan'),
('TV', 'Tuvalu'),
('UG', 'Uganda'),
('UA', 'Ucraina'),
('AE', 'Emirati Arabi Uniti'),
('GB', 'Regno Unito'),
('US', 'Stati Uniti'),
('UY', 'Uruguay'),
('UZ', 'Uzbekistan'),
('VU', 'Vanuatu'),
('VA', 'Città del Vaticano'),
('VE', 'Venezuela'),
('VN', 'Vietnam'),
('YE', 'Yemen'),
('ZM', 'Zambia'),
('ZW', 'Zimbabwe');

-- UTENTI
INSERT INTO utenti (id_utente, username, password, email, nome, cognome, citta, id_profilo, iso_code, attivo, data_registrazione) VALUES 
(2, 'mario.rossi', '$2y$10$w4rI9zi1.pYx3R/A4/O0a.R7p.W1q3Hq0/E7G6g.g9qO0a.R7p.W1', 'mario.rossi@mail.it', 'Mario', 'Rossi', 'Roma', 2, 'IT', 1, NOW()),
(3, 'luca.bianchi', '$2y$10$w4rI9zi1.pYx3R/A4/O0a.R7p.W1q3Hq0/E7G6g.g9qO0a.R7p.W1', 'luca.b@mail.it', 'Luca', 'Bianchi', 'Milano', 2, 'IT', 1, NOW()),
(4, 'giulia.verdi', '$2y$10$w4rI9zi1.pYx3R/A4/O0a.R7p.W1q3Hq0/E7G6g.g9qO0a.R7p.W1', 'giulia.v@mail.it', 'Giulia', 'Verdi', 'Napoli', 2, 'IT', 1, NOW()),
(5, 'john.smith', '$2y$10$w4rI9zi1.pYx3R/A4/O0a.R7p.W1q3Hq0/E7G6g.g9qO0a.R7p.W1', 'jsmith@mail.com', 'John', 'Smith', 'New York', 2, 'US', 1, NOW()),
(6, 'emma.watson', '$2y$10$w4rI9zi1.pYx3R/A4/O0a.R7p.W1q3Hq0/E7G6g.g9qO0a.R7p.W1', 'ewatson@mail.co.uk', 'Emma', 'Watson', 'Londra', 2, 'GB', 1, NOW()),
(7, 'pierre.dupont', '$2y$10$w4rI9zi1.pYx3R/A4/O0a.R7p.W1q3Hq0/E7G6g.g9qO0a.R7p.W1', 'pierre@mail.fr', 'Pierre', 'Dupont', 'Parigi', 2, 'FR', 1, NOW()),
(8, 'hans.muller', '$2y$10$w4rI9zi1.pYx3R/A4/O0a.R7p.W1q3Hq0/E7G6g.g9qO0a.R7p.W1', 'hans@mail.de', 'Hans', 'Muller', 'Berlino', 2, 'DE', 1, NOW()),
(9, 'carlos.santana', '$2y$10$w4rI9zi1.pYx3R/A4/O0a.R7p.W1q3Hq0/E7G6g.g9qO0a.R7p.W1', 'carlos@mail.es', 'Carlos', 'Santana', 'Madrid', 2, 'ES', 1, NOW()),
(10, 'kenji.sato', '$2y$10$w4rI9zi1.pYx3R/A4/O0a.R7p.W1q3Hq0/E7G6g.g9qO0a.R7p.W1', 'kenji@mail.jp', 'Kenji', 'Sato', 'Tokyo', 2, 'JP', 1, NOW()),
(11, 'min.ji', '$2y$10$w4rI9zi1.pYx3R/A4/O0a.R7p.W1q3Hq0/E7G6g.g9qO0a.R7p.W1', 'minji@mail.kr', 'Min', 'Ji', 'Seoul', 2, 'KR', 1, NOW()),
(12, 'chen.wei', '$2y$10$w4rI9zi1.pYx3R/A4/O0a.R7p.W1q3Hq0/E7G6g.g9qO0a.R7p.W1', 'chen@mail.cn', 'Chen', 'Wei', 'Pechino', 2, 'CN', 1, NOW()),
(13, 'olivia.brown', '$2y$10$w4rI9zi1.pYx3R/A4/O0a.R7p.W1q3Hq0/E7G6g.g9qO0a.R7p.W1', 'olivia@mail.ca', 'Olivia', 'Brown', 'Toronto', 2, 'CA', 1, NOW()),
(14, 'liam.neeson', '$2y$10$w4rI9zi1.pYx3R/A4/O0a.R7p.W1q3Hq0/E7G6g.g9qO0a.R7p.W1', 'liam.n@mail.ie', 'Liam', 'Neeson', 'Dublino', 2, 'IE', 1, NOW()),
(15, 'maria.garcia', '$2y$10$w4rI9zi1.pYx3R/A4/O0a.R7p.W1q3Hq0/E7G6g.g9qO0a.R7p.W1', 'maria@mail.mx', 'Maria', 'Garcia', 'Città del Messico', 2, 'MX', 1, NOW()),
(16, 'joao.silva', '$2y$10$w4rI9zi1.pYx3R/A4/O0a.R7p.W1q3Hq0/E7G6g.g9qO0a.R7p.W1', 'joao@mail.br', 'Joao', 'Silva', 'Rio de Janeiro', 2, 'BR', 1, NOW()),
(17, 'diego.maradona', '$2y$10$w4rI9zi1.pYx3R/A4/O0a.R7p.W1q3Hq0/E7G6g.g9qO0a.R7p.W1', 'diego@mail.ar', 'Diego', 'Maradona', 'Buenos Aires', 2, 'AR', 1, NOW()),
(18, 'lars.svensson', '$2y$10$w4rI9zi1.pYx3R/A4/O0a.R7p.W1q3Hq0/E7G6g.g9qO0a.R7p.W1', 'lars@mail.se', 'Lars', 'Svensson', 'Stoccolma', 2, 'SE', 1, NOW()),
(19, 'peter.jackson', '$2y$10$w4rI9zi1.pYx3R/A4/O0a.R7p.W1q3Hq0/E7G6g.g9qO0a.R7p.W1', 'peter@mail.nz', 'Peter', 'Jackson', 'Wellington', 2, 'NZ', 1, NOW()),
(20, 'raj.patel', '$2y$10$w4rI9zi1.pYx3R/A4/O0a.R7p.W1q3Hq0/E7G6g.g9qO0a.R7p.W1', 'raj@mail.in', 'Raj', 'Patel', 'Mumbai', 2, 'IN', 1, NOW()),
(21, 'ivan.drago', '$2y$10$w4rI9zi1.pYx3R/A4/O0a.R7p.W1q3Hq0/E7G6g.g9qO0a.R7p.W1', 'ivan@mail.ru', 'Ivan', 'Drago', 'Mosca', 2, 'RU', 1, NOW()),
(22, 'ahmed.ali', '$2y$10$w4rI9zi1.pYx3R/A4/O0a.R7p.W1q3Hq0/E7G6g.g9qO0a.R7p.W1', 'ahmed@mail.eg', 'Ahmed', 'Ali', 'Il Cairo', 2, 'EG', 1, NOW()),
(23, 'charlize.theron', '$2y$10$w4rI9zi1.pYx3R/A4/O0a.R7p.W1q3Hq0/E7G6g.g9qO0a.R7p.W1', 'charlize@mail.za', 'Charlize', 'Theron', 'Pretoria', 2, 'ZA', 1, NOW()),
(24, 'sofia.gomez', '$2y$10$w4rI9zi1.pYx3R/A4/O0a.R7p.W1q3Hq0/E7G6g.g9qO0a.R7p.W1', 'sofia@mail.co', 'Sofia', 'Gomez', 'Bogotá', 2, 'CO', 1, NOW()),
(25, 'andrea.romano', '$2y$10$w4rI9zi1.pYx3R/A4/O0a.R7p.W1q3Hq0/E7G6g.g9qO0a.R7p.W1', 'andrea@mail.it', 'Andrea', 'Romano', 'Torino', 2, 'IT', 1, NOW()),
(26, 'marta.ferrari', '$2y$10$w4rI9zi1.pYx3R/A4/O0a.R7p.W1q3Hq0/E7G6g.g9qO0a.R7p.W1', 'marta@mail.it', 'Marta', 'Ferrari', 'Venezia', 2, 'IT', 1, NOW()),
(27, 'william.wallace', '$2y$10$w4rI9zi1.pYx3R/A4/O0a.R7p.W1q3Hq0/E7G6g.g9qO0a.R7p.W1', 'william@mail.gb', 'William', 'Wallace', 'Edimburgo', 2, 'GB', 1, NOW()),
(28, 'elena.kournikova', '$2y$10$w4rI9zi1.pYx3R/A4/O0a.R7p.W1q3Hq0/E7G6g.g9qO0a.R7p.W1', 'elena@mail.ru', 'Elena', 'Kournikova', 'San Pietroburgo', 2, 'RU', 1, NOW()),
(29, 'david.beckham', '$2y$10$w4rI9zi1.pYx3R/A4/O0a.R7p.W1q3Hq0/E7G6g.g9qO0a.R7p.W1', 'david@mail.gb', 'David', 'Beckham', 'Manchester', 2, 'GB', 1, NOW()),
(30, 'yuki.tsunoda', '$2y$10$w4rI9zi1.pYx3R/A4/O0a.R7p.W1q3Hq0/E7G6g.g9qO0a.R7p.W1', 'yuki@mail.jp', 'Yuki', 'Tsunoda', 'Osaka', 2, 'JP', 1, NOW()),
(31, 'alessandro.delpiero', '$2y$10$w4rI9zi1.pYx3R/A4/O0a.R7p.W1q3Hq0/E7G6g.g9qO0a.R7p.W1', 'alex@mail.it', 'Alessandro', 'Del Piero', 'Padova', 2, 'IT', 1, NOW()),
(32, 'sarah.connor', '$2y$10$w4rI9zi1.pYx3R/A4/O0a.R7p.W1q3Hq0/E7G6g.g9qO0a.R7p.W1', 'sarah@mail.us', 'Sarah', 'Connor', 'Los Angeles', 2, 'US', 1, NOW()),
(33, 'bruce.wayne', '$2y$10$w4rI9zi1.pYx3R/A4/O0a.R7p.W1q3Hq0/E7G6g.g9qO0a.R7p.W1', 'bruce@mail.us', 'Bruce', 'Wayne', 'Gotham', 2, 'US', 1, NOW()),
(34, 'clark.kent', '$2y$10$w4rI9zi1.pYx3R/A4/O0a.R7p.W1q3Hq0/E7G6g.g9qO0a.R7p.W1', 'clark@mail.us', 'Clark', 'Kent', 'Metropolis', 2, 'US', 1, NOW()),
(35, 'diana.prince', '$2y$10$w4rI9zi1.pYx3R/A4/O0a.R7p.W1q3Hq0/E7G6g.g9qO0a.R7p.W1', 'diana@mail.us', 'Diana', 'Prince', 'Washington', 2, 'US', 1, NOW()),
(36, 'peter.parker', '$2y$10$w4rI9zi1.pYx3R/A4/O0a.R7p.W1q3Hq0/E7G6g.g9qO0a.R7p.W1', 'peter.p@mail.us', 'Peter', 'Parker', 'New York', 2, 'US', 1, NOW()),
(37, 'tony.stark', '$2y$10$w4rI9zi1.pYx3R/A4/O0a.R7p.W1q3Hq0/E7G6g.g9qO0a.R7p.W1', 'tony@mail.us', 'Tony', 'Stark', 'Malibu', 2, 'US', 1, NOW()),
(38, 'steve.rogers', '$2y$10$w4rI9zi1.pYx3R/A4/O0a.R7p.W1q3Hq0/E7G6g.g9qO0a.R7p.W1', 'steve@mail.us', 'Steve', 'Rogers', 'Brooklyn', 2, 'US', 1, NOW()),
(39, 'natasha.romanoff', '$2y$10$w4rI9zi1.pYx3R/A4/O0a.R7p.W1q3Hq0/E7G6g.g9qO0a.R7p.W1', 'natasha@mail.ru', 'Natasha', 'Romanoff', 'Stalingrado', 2, 'RU', 1, NOW()),
(40, 'wanda.maximoff', '$2y$10$w4rI9zi1.pYx3R/A4/O0a.R7p.W1q3Hq0/E7G6g.g9qO0a.R7p.W1', 'wanda@mail.rs', 'Wanda', 'Maximoff', 'Sokovia', 2, 'RS', 1, NOW()),
(41, 'stephen.strange', '$2y$10$w4rI9zi1.pYx3R/A4/O0a.R7p.W1q3Hq0/E7G6g.g9qO0a.R7p.W1', 'stephen@mail.us', 'Stephen', 'Strange', 'New York', 2, 'US', 1, NOW()),
(42, 'thor.odinson', '$2y$10$w4rI9zi1.pYx3R/A4/O0a.R7p.W1q3Hq0/E7G6g.g9qO0a.R7p.W1', 'thor@mail.no', 'Thor', 'Odinson', 'Asgard', 2, 'NO', 1, NOW()),
(43, 'loki.laufeyson', '$2y$10$w4rI9zi1.pYx3R/A4/O0a.R7p.W1q3Hq0/E7G6g.g9qO0a.R7p.W1', 'loki@mail.no', 'Loki', 'Laufeyson', 'Jotunheim', 2, 'NO', 1, NOW()),
(44, 'bruce.banner', '$2y$10$w4rI9zi1.pYx3R/A4/O0a.R7p.W1q3Hq0/E7G6g.g9qO0a.R7p.W1', 'banner@mail.us', 'Bruce', 'Banner', 'Dayton', 2, 'US', 1, NOW()),
(45, 'clint.barton', '$2y$10$w4rI9zi1.pYx3R/A4/O0a.R7p.W1q3Hq0/E7G6g.g9qO0a.R7p.W1', 'clint@mail.us', 'Clint', 'Barton', 'Waverly', 2, 'US', 1, NOW()),
(46, 'sam.wilson', '$2y$10$w4rI9zi1.pYx3R/A4/O0a.R7p.W1q3Hq0/E7G6g.g9qO0a.R7p.W1', 'sam@mail.us', 'Sam', 'Wilson', 'Harlem', 2, 'US', 1, NOW()),
(47, 'bucky.barnes', '$2y$10$w4rI9zi1.pYx3R/A4/O0a.R7p.W1q3Hq0/E7G6g.g9qO0a.R7p.W1', 'bucky@mail.us', 'Bucky', 'Barnes', 'Brooklyn', 2, 'US', 1, NOW()),
(48, 'scott.lang', '$2y$10$w4rI9zi1.pYx3R/A4/O0a.R7p.W1q3Hq0/E7G6g.g9qO0a.R7p.W1', 'scott@mail.us', 'Scott', 'Lang', 'San Francisco', 2, 'US', 1, NOW()),
(49, 'hope.vandyne', '$2y$10$w4rI9zi1.pYx3R/A4/O0a.R7p.W1q3Hq0/E7G6g.g9qO0a.R7p.W1', 'hope@mail.us', 'Hope', 'Van Dyne', 'San Francisco', 2, 'US', 1, NOW()),
(50, 'carol.danvers', '$2y$10$w4rI9zi1.pYx3R/A4/O0a.R7p.W1q3Hq0/E7G6g.g9qO0a.R7p.W1', 'carol@mail.us', 'Carol', 'Danvers', 'Boston', 2, 'US', 1, NOW());

-- FILMS
INSERT INTO films (id_film, titolo, trama, durata_minuti, data_uscita) VALUES 
-- Nolan
(1, 'Inception', 'Ladri di sogni corporativi.', 148, '2010-07-16'), (2, 'Interstellar', 'Viaggio in un wormhole.', 169, '2014-11-07'),
(3, 'The Dark Knight', 'Batman contro il Joker.', 152, '2008-07-18'), (4, 'Dunkirk', 'Evacuazione dalla Francia.', 106, '2017-07-21'),
(5, 'Oppenheimer', 'Padre della bomba atomica.', 180, '2023-07-21'), (6, 'Memento', 'Uomo senza memoria a breve termine.', 113, '2000-09-05'),
(7, 'Tenet', 'Inversione temporale.', 150, '2020-08-26'), (8, 'The Prestige', 'Illusionisti rivali.', 130, '2006-10-20'),
-- Tarantino
(9, 'Pulp Fiction', 'Storie criminali intrecciate.', 154, '1994-10-14'), (10, 'Kill Bill: Vol. 1', 'Vendetta di una sposa.', 111, '2003-10-10'),
(11, 'Django Unchained', 'Schiavo liberato cerca la moglie.', 165, '2012-12-25'), (12, 'Bastardi senza gloria', 'Caccia ai nazisti.', 153, '2009-08-21'),
(13, 'Le Iene', 'Rapina finita male.', 99, '1992-10-09'), (14, 'The Hateful Eight', 'Otto sconosciuti in una baita.', 168, '2015-12-25'),
(15, 'C''era una volta a... Hollywood', 'Attore al tramonto e il suo stuntman.', 161, '2019-07-26'),
-- Spielberg
(16, 'Jurassic Park', 'Dinosauri clonati sfuggono al controllo.', 127, '1993-06-11'), (17, 'Schindler''s List', 'Oskar Schindler salva ebrei.', 195, '1993-12-15'),
(18, 'E.T.', 'Alieno fa amicizia con un bambino.', 115, '1982-06-11'), (19, 'Salvate il soldato Ryan', 'Missione in Normandia.', 169, '1998-07-24'),
(20, 'Indiana Jones e i predatori', 'Archeologo cerca l''Arca.', 115, '1981-06-12'), (21, 'Lo squalo', 'Squalo attacca una spiaggia.', 124, '1975-06-20'),
(22, 'Prova a prendermi', 'Truffatore inseguito dall''FBI.', 141, '2002-12-25'),
-- Scorsese
(23, 'Quei bravi ragazzi', 'Vita nella mafia.', 145, '1990-09-19'), (24, 'Taxi Driver', 'Tassista alienato a NY.', 114, '1976-02-08'),
(25, 'The Wolf of Wall Street', 'Eccessi di un broker.', 180, '2013-12-25'), (26, 'The Departed', 'Talpe nella polizia e mafia.', 151, '2006-10-06'),
(27, 'Shutter Island', 'Indagine in un manicomio.', 138, '2010-02-19'), (28, 'Casino', 'Gestione di un casinò a Vegas.', 178, '1995-11-22'),
(29, 'The Irishman', 'Storia di un sicario mafioso.', 209, '2019-11-01'),
-- Pixar
(30, 'Toy Story', 'Giocattoli che prendono vita.', 81, '1995-11-22'), (31, 'Up', 'Anziano viaggia con casa e palloncini.', 96, '2009-05-29'),
(32, 'Inside Out', 'Emozioni nella testa di una ragazzina.', 95, '2015-06-19'), (33, 'Coco', 'Viaggio nel mondo dei morti.', 105, '2017-11-22'),
(34, 'Wall-E', 'Robot innamorato.', 98, '2008-06-27'), (35, 'Alla ricerca di Nemo', 'Pesce cerca il figlio.', 100, '2003-05-30'),
(36, 'Gli Incredibili', 'Famiglia di supereroi.', 115, '2004-11-05'), (37, 'Ratatouille', 'Topo chef a Parigi.', 111, '2007-06-29'),
-- Disney
(38, 'Il Re Leone', 'Simba rivendica il trono.', 88, '1994-06-15'), (39, 'Aladdin', 'Ladruncolo e lampada magica.', 90, '1992-11-25'),
(40, 'Mulan', 'Ragazza si finge uomo in guerra.', 88, '1998-06-05'), (41, 'Frozen', 'Principesse del ghiaccio.', 102, '2013-11-27'),
(42, 'La Bella e la Bestia', 'Amore oltre le apparenze.', 84, '1991-11-22'), (43, 'Zootropolis', 'Città di animali.', 108, '2016-03-04'),
(44, 'Oceania', 'Ragazza in viaggio nell''oceano.', 107, '2016-11-23'),
-- Specifici Richiesti
(45, 'Una battaglia dopo l''altra', 'Scontri epici sul campo.', 120, '2022-10-01'),
(46, 'Civil War', 'America distopica in guerra civile.', 109, '2024-04-12'),
-- Altri 104 Film per arrivare a 150
(47, 'Matrix', 'Il mondo è una simulazione.', 136, '1999-03-31'), (48, 'Il Signore degli Anelli', 'La compagnia dell''anello.', 178, '2001-12-19'),
(49, 'Il Padrino', 'Famiglia Corleone.', 175, '1972-03-24'), (50, 'Forrest Gump', 'Vita di un uomo semplice.', 142, '1994-07-06'),
(51, 'Star Wars: Una nuova speranza', 'Ribelli contro l''Impero.', 121, '1977-05-25'), (52, 'Fight Club', 'Regole del club.', 139, '1999-10-15'),
(53, 'Il Gladiatore', 'Generale diventa gladiatore.', 155, '2000-05-05'), (54, 'Alien', 'Creatura nello spazio.', 117, '1979-05-25'),
(55, 'Terminator 2', 'Cyborg protegge John Connor.', 137, '1991-07-03'), (56, 'Ritorno al futuro', 'Viaggio nel tempo in DeLorean.', 116, '1985-07-03'),
(57, 'Titanic', 'Amore sul transatlantico.', 195, '1997-12-19'), (58, 'Avatar', 'Scontro su Pandora.', 162, '2009-12-18'),
(59, 'Il silenzio degli innocenti', 'Agente FBI e cannibale.', 118, '1991-02-14'), (60, 'Se7en', 'Killer dei 7 vizi capitali.', 127, '1995-09-22'),
(61, 'La vita è bella', 'Padre protegge figlio nel lager.', 116, '1997-12-20'), (62, 'Nuovo Cinema Paradiso', 'Amore per il cinema.', 155, '1988-11-17'),
(63, 'Parasite', 'Famiglia povera si infiltra in una ricca.', 132, '2019-05-30'), (64, 'La città incantata', 'Bambina in un mondo magico.', 125, '2001-07-20'),
(65, 'Blade Runner', 'Cacciatore di replicanti.', 117, '1982-06-25'), (66, 'Arancia Meccanica', 'Giovane violento e cura.', 136, '1971-12-19'),
(67, 'Il buono, il brutto, il cattivo', 'Tre uomini e un tesoro.', 161, '1966-12-23'), (68, 'Qualcuno volò sul nido del cuculo', 'Ribellione in manicomio.', 133, '1975-11-19'),
(69, 'Casablanca', 'Amore e guerra a Casablanca.', 102, '1942-11-26'), (70, 'Psyco', 'Omicidio al Bates Motel.', 109, '1960-09-08'),
(71, 'Apocalypse Now', 'Missione in Vietnam.', 147, '1979-08-15'), (72, 'Il miglio verde', 'Guardie e un detenuto speciale.', 189, '1999-12-10'),
(73, 'American History X', 'Neonazista si redime.', 119, '1998-10-30'), (74, 'Whiplash', 'Batterista e insegnante severo.', 106, '2014-10-10'),
(75, 'Léon', 'Sicario protegge bambina.', 110, '1994-09-14'), (76, 'Il pianista', 'Musicista ebreo a Varsavia.', 150, '2002-09-25'),
(77, 'I soliti sospetti', 'Chi è Keyser Söze?', 106, '1995-08-16'), (78, 'Memento', 'Amnesia e vendetta.', 113, '2000-09-05'),
(79, 'Joker', 'Origini del clown criminale.', 122, '2019-10-04'), (80, 'Django Unchained', 'Cacciatore di taglie.', 165, '2012-12-25'),
(81, 'Spider-Man: Un nuovo universo', 'Multiverso dei ragni.', 117, '2018-12-14'), (82, 'Avengers: Endgame', 'Battaglia finale contro Thanos.', 181, '2019-04-26'),
(83, 'Oldboy', 'Vendetta dopo 15 anni di prigionia.', 120, '2003-11-21'), (84, 'Principessa Mononoke', 'Uomo contro natura.', 134, '1997-07-12'),
(85, 'C''era una volta il West', 'Epopea western.', 165, '1968-12-21'), (86, 'Aliens', 'Scontro coi marine spaziali.', 137, '1986-07-18'),
(87, 'Amadeus', 'Rivalità tra Mozart e Salieri.', 160, '1984-09-19'), (88, 'American Beauty', 'Crisi di mezza età.', 122, '1999-09-17'),
(89, 'Wall-E', 'Robot ecologista.', 98, '2008-06-27'), (90, 'Braveheart', 'Eroe scozzese.', 178, '1995-05-24'),
(91, 'Toy Story 3', 'Giocattoli in asilo.', 103, '2010-06-18'), (92, 'Requiem for a Dream', 'Discesa nella dipendenza.', 102, '2000-10-27'),
(93, 'Star Wars: L''Impero colpisce ancora', 'Ribelli in fuga.', 124, '1980-05-21'), (94, '2001: Odissea nello spazio', 'Monolito ed evoluzione.', 149, '1968-04-02'),
(95, 'Eternal Sunshine', 'Cancellazione della memoria.', 108, '2004-03-19'), (96, 'Snatch', 'Diamanti e zingari.', 102, '2000-09-01'),
(97, 'A Clockwork Orange', 'Ultraviolenza.', 136, '1971-12-19'), (98, 'Full Metal Jacket', 'Addestramento e Vietnam.', 116, '1987-06-26'),
(99, 'Scarface', 'Ascesa di Tony Montana.', 170, '1983-12-09'), (100, 'Taxi Driver', 'Discesa nella follia.', 114, '1976-02-08'),
(101, 'Up', 'Volo in palloncino.', 96, '2009-05-29'), (102, 'L.A. Confidential', 'Polizia corrotta.', 138, '1997-09-19'),
(103, 'Heat', 'Ladri e polizia a LA.', 170, '1995-12-15'), (104, 'Die Hard', 'Poliziotto nel grattacielo.', 132, '1988-07-15'),
(105, 'Batman Begins', 'Le origini del cavaliere.', 140, '2005-06-15'), (106, 'Jurassic Park', 'Clonazione.', 127, '1993-06-11'),
(107, 'V per Vendetta', 'Rivoluzione a Londra.', 132, '2006-03-17'), (108, 'Good Will Hunting', 'Genio ribelle.', 126, '1997-12-05'),
(109, 'Blade Runner 2049', 'Ricerca del bambino replicante.', 164, '2017-10-06'), (110, 'Il labirinto del fauno', 'Fantasia e guerra civile.', 118, '2006-10-11'),
(111, 'Il sesto senso', 'Vedo la gente morta.', 107, '1999-08-06'), (112, 'Trainspotting', 'Tossicodipendenza a Edimburgo.', 93, '1996-02-23'),
(113, 'Fargo', 'Rapimento maldestro.', 98, '1996-03-08'), (114, 'Mad Max: Fury Road', 'Inseguimento nel deserto.', 120, '2015-05-15'),
(115, 'Gran Torino', 'Veterano razzista cambia.', 116, '2008-12-12'), (116, 'Kill Bill: Vol. 1', 'La sposa sanguinaria.', 111, '2003-10-10'),
(117, 'No Country for Old Men', 'Assassino con moneta.', 122, '2007-11-09'), (118, 'Donnie Darko', 'Coniglio gigante premonitore.', 113, '2001-10-26'),
(119, 'Harry Potter e la pietra filosofale', 'Maghetto a Hogwarts.', 152, '2001-11-16'), (120, 'Shutter Island', 'Mistero.', 138, '2010-02-19'),
(121, 'The Truman Show', 'Vita in un reality.', 103, '1998-06-05'), (122, 'Jurassic World', 'Parco riaperto.', 124, '2015-06-12'),
(123, 'Sesto Senso', 'Thriller psicologico.', 107, '1999-08-06'), (124, 'Gattaca', 'Mondo genetico.', 106, '1997-10-24'),
(125, 'The Avengers', 'Supereroi uniti.', 143, '2012-05-04'), (126, 'A Beautiful Mind', 'Genio matematico.', 135, '2001-12-21'),
(127, 'The Social Network', 'Nascita di Facebook.', 120, '2010-10-01'), (128, 'Zodiac', 'Serial killer di San Francisco.', 157, '2007-03-02'),
(129, 'Prisoners', 'Padre cerca figlie rapite.', 153, '2013-09-20'), (130, 'Arrival', 'Alieni ed eptapodi.', 116, '2016-11-11'),
(131, 'La La Land', 'Musical a LA.', 128, '2016-12-09'), (132, 'Logan', 'L''ultimo Wolverine.', 137, '2017-03-03'),
(133, 'Dune', 'Sabbia e spezia.', 155, '2021-10-22'), (134, 'Top Gun: Maverick', 'Ritorno nei cieli.', 130, '2022-05-27'),
(135, 'Spider-Man: No Way Home', 'Tre Spider-Man.', 148, '2021-12-17'), (136, 'Guardiani della Galassia', 'Misfit spaziali.', 121, '2014-08-01'),
(137, 'Iron Man', 'Inizio del MCU.', 126, '2008-05-02'), (138, 'Black Panther', 'Re di Wakanda.', 134, '2018-02-16'),
(139, 'Thor: Ragnarok', 'Distruzione di Asgard.', 130, '2017-11-03'), (140, 'Captain America: Civil War', 'Scontro tra eroi.', 147, '2016-05-06'),
(141, 'Deadpool', 'Mercenario chiacchierone.', 108, '2016-02-12'), (142, 'Wonder Woman', 'Amazzone nella grande guerra.', 141, '2017-06-02'),
(143, 'Aquaman', 'Re di Atlantide.', 143, '2018-12-21'), (144, 'Justice League', 'Uniti.', 120, '2017-11-17'),
(145, 'Man of Steel', 'Origini di Superman.', 143, '2013-06-14'), (146, 'The Batman', 'Indagine oscura.', 176, '2022-03-04'),
(147, 'Joker', 'Follia.', 122, '2019-10-04'), (148, 'Super Mario Bros', 'Viaggio nel regno dei funghi.', 92, '2023-04-05'),
(149, 'Barbie', 'Bambola nel mondo reale.', 114, '2023-07-21'), (150, 'Avatar: La via dell''acqua', 'Ritorno su Pandora.', 192, '2022-12-16');

-- FILMS_GENERI (Alcuni collegamenti base)
INSERT INTO films_generi (id_film, id_genere) VALUES 
(1,1), (1,2), (2,2), (2,3), (3,1), (3,10), (9,10), (10,1), (16,9), (16,2), 
(23,10), (25,5), (30,8), (38,8), (45,11), (46,1), (46,11);

-- RECENSIONI (75 sparse sui vari utenti e film)
INSERT INTO recensioni (id_film, id_utente, voto, testo, data_inserimento) VALUES
(1, 2, 5.0, 'Capolavoro Nolan!', NOW()), (1, 3, 4.5, 'Sbalorditivo.', NOW()), (1, 4, 4.0, 'Intrippante.', NOW()),
(2, 5, 5.0, 'Musiche divine.', NOW()), (2, 6, 4.5, 'Pianeta di Miller pazzesco.', NOW()), (2, 7, 5.0, 'Lacrime.', NOW()),
(3, 8, 5.0, 'Heath Ledger leggenda.', NOW()), (3, 9, 4.5, 'Il miglior Batman.', NOW()), (3, 10, 5.0, 'Epico.', NOW()),
(9, 11, 5.0, 'Tarantino allo stato puro.', NOW()), (9, 12, 4.5, 'Iconico.', NOW()), (9, 13, 4.0, 'Pulp.', NOW()),
(10, 14, 4.5, 'Sangue e katana.', NOW()), (10, 15, 4.0, 'Uma Thurman top.', NOW()), (10, 16, 4.5, 'Spettacolo.', NOW()),
(16, 17, 5.0, 'Infanzia pura.', NOW()), (16, 18, 4.5, 'Dinosauri perfetti.', NOW()), (16, 19, 4.0, 'T Rex.', NOW()),
(17, 20, 5.0, 'Doloroso ma bellissimo.', NOW()), (17, 21, 5.0, 'Da vedere a scuola.', NOW()), (17, 22, 5.0, 'Maestoso.', NOW()),
(23, 23, 5.0, 'La vera mafia.', NOW()), (23, 24, 4.5, 'Pesci assurdo.', NOW()), (23, 25, 4.5, 'Ritmo folle.', NOW()),
(25, 26, 4.0, 'Divertente ed eccessivo.', NOW()), (25, 27, 4.5, 'Leo scatenato.', NOW()), (25, 28, 4.0, 'Soldi.', NOW()),
(30, 29, 5.0, 'Pixar rivoluzionaria.', NOW()), (30, 30, 4.5, 'Buzz!', NOW()), (30, 31, 5.0, 'Verso l''infinito.', NOW()),
(38, 32, 5.0, 'Hakuna matata.', NOW()), (38, 33, 4.5, 'Animazione top.', NOW()), (38, 34, 5.0, 'Mufasa...', NOW()),
(45, 35, 3.5, 'Buona regia.', NOW()), (45, 36, 4.0, 'Bel ritmo.', NOW()), (45, 37, 3.0, 'Un po lungo.', NOW()),
(46, 38, 4.5, 'Fotografia stupenda.', NOW()), (46, 39, 4.0, 'Ansia pura.', NOW()), (46, 40, 4.5, 'Angosciante.', NOW()),
(47, 41, 5.0, 'Pillola rossa.', NOW()), (47, 42, 4.5, 'Rallenty epico.', NOW()), (48, 43, 5.0, 'Fantasy puro.', NOW()),
(49, 44, 5.0, 'Il cinema.', NOW()), (50, 45, 5.0, 'Scatola di cioccolatini.', NOW()), (51, 46, 5.0, 'La Forza.', NOW()),
(52, 47, 4.5, 'Tyler Durden.', NOW()), (53, 48, 4.5, 'Massimo.', NOW()), (54, 49, 4.5, 'Spazio profondo.', NOW()),
(55, 50, 4.5, 'Hasta la vista.', NOW()), (56, 2, 5.0, 'Grande Giove.', NOW()), (57, 3, 4.0, 'Jack!', NOW()),
(58, 4, 4.5, 'Effetti 3D pazzeschi.', NOW()), (59, 5, 5.0, 'Hannibal da brividi.', NOW()), (60, 6, 4.5, 'Cosa c''è nella scatola?', NOW()),
(61, 7, 5.0, 'Capolavoro di Benigni.', NOW()), (62, 8, 5.0, 'La magia del cinema.', NOW()), (63, 9, 4.5, 'Parasite meritatissimo.', NOW()),
(64, 10, 5.0, 'Miyazaki genio.', NOW()), (65, 11, 4.5, 'Lacrime nella pioggia.', NOW()), (66, 12, 4.0, 'Ultraviolenza.', NOW()),
(67, 13, 5.0, 'Leone immenso.', NOW()), (68, 14, 4.5, 'Jack Nicholson gigante.', NOW()), (69, 15, 5.0, 'Sempre a Parigi.', NOW()),
(70, 16, 4.5, 'La doccia.', NOW()), (71, 17, 5.0, 'Orrore in Vietnam.', NOW()), (72, 18, 5.0, 'Commovente.', NOW()),
(73, 19, 4.5, 'Edward Norton spaventoso.', NOW()), (74, 20, 4.5, 'Il mio tempo.', NOW()), (75, 21, 4.5, 'Natalie Portman bravissima.', NOW()),
(76, 22, 5.0, 'Dolore vero.', NOW()), (77, 23, 4.5, 'Finale wow.', NOW()), (78, 24, 4.0, 'Tatuaggi.', NOW()),
(79, 25, 4.5, 'Phoenix da oscar.', NOW()), (80, 26, 4.0, 'La D è muta.', NOW());

-- PERSONE
INSERT INTO persone (id_persona, nome, cognome, iso_code) VALUES 
(1, 'Christopher', 'Nolan', 'GB'), (2, 'Quentin', 'Tarantino', 'US'), 
(3, 'Steven', 'Spielberg', 'US'), (4, 'Martin', 'Scorsese', 'US'), 
(5, 'Leonardo', 'DiCaprio', 'US'), (6, 'John', 'Travolta', 'US'), 
(7, 'Tom', 'Hanks', 'US'), (8, 'Robert', 'De Niro', 'US'), 
(9, 'John', 'Lasseter', 'US'), (10, 'Alex', 'Garland', 'GB'), 
(11, 'Kirsten', 'Dunst', 'US'), (12, 'Christian', 'Bale', 'GB'), 
(13, 'Brad', 'Pitt', 'US'), (14, 'Uma', 'Thurman', 'US'), 
(15, 'Samuel L.', 'Jackson', 'US'), (16, 'Joe', 'Pesci', 'US'), 
(17, 'Cillian', 'Murphy', 'IE'), (18, 'Matthew', 'McConaughey', 'US'), 
(19, 'Liam', 'Neeson', 'GB'), (20, 'Harrison', 'Ford', 'US');

-- FILMS_PERSONE
INSERT INTO films_persone (id_film, id_persona, ruolo) VALUES 
(1, 1, 'Regista'), (1, 5, 'Attore'), 
(2, 1, 'Regista'), (2, 18, 'Attore'), 
(3, 1, 'Regista'), (3, 12, 'Attore'), 
(9, 2, 'Regista'), (9, 6, 'Attore'), (9, 15, 'Attore'), 
(10, 2, 'Regista'), (10, 14, 'Attore'), 
(16, 3, 'Regista'), 
(19, 3, 'Regista'), (19, 7, 'Attore'), 
(23, 4, 'Regista'), (23, 8, 'Attore'), (23, 16, 'Attore'), 
(25, 4, 'Regista'), (25, 5, 'Attore'), 
(46, 10, 'Regista'), (46, 11, 'Attore');

-- ADD ISO_CODE IN FILMS
UPDATE films 
SET iso_code = 'US';

-- Italia (IT)
UPDATE films SET iso_code = 'IT' WHERE id_film IN (
    61, -- La vita è bella
    62, -- Nuovo Cinema Paradiso
    67, -- Il buono, il brutto, il cattivo
    85  -- C'era una volta il West
);

-- Regno Unito (GB)
UPDATE films SET iso_code = 'GB' WHERE id_film IN (
    4,  -- Dunkirk
    66, -- Arancia Meccanica
    96, -- Snatch
    112 -- Trainspotting
);

-- Giappone (JP)
UPDATE films SET iso_code = 'JP' WHERE id_film IN (
    64, -- La città incantata
    84  -- Principessa Mononoke
);

-- Corea del Sud (KR)
UPDATE films SET iso_code = 'KR' WHERE id_film IN (
    63, -- Parasite
    83  -- Oldboy
);

-- Francia (FR)
UPDATE films SET iso_code = 'FR' WHERE id_film IN (
    75  -- Léon
);

-- Spagna / Messico (ES)
UPDATE films SET iso_code = 'ES' WHERE id_film IN (
    110 -- Il labirinto del fauno
);